Name,Weight (lb),Weight (kg),Height (in),Height (cm),Gender
Alice,133,60.3277771965918,65,165.1,F
Bob,160,72.5747695598097,72,182.88,M
Charlie,152,68.9460310818192,70,177.8,M
Diana,120,54.4310771698573,60,152.4,F
